name,email
PIETRO TORRIGIANI,pietro.torrigiani@example.com
GINO MEACCI,gino.meacci@example.com
SALVATORE PIZZI,salvatore.pizzi@example.com
OTTAVIO THAON DI REVEL,ottavio.thaon.di.revel@example.com
ROBERTO DELLA SETA,roberto.della.seta@example.com
ENRICO NICOLA SPADOLA,enrico.nicola.spadola@example.com
FERDINANDO MARTINI,ferdinando.martini@example.com
CARLO ANTONIO PIVANO,carlo.antonio.pivano@example.com
PIETRO TORTAROLO,pietro.tortarolo@example.com
GABRIELLA PISTONE,gabriella.pistone@example.com
ROBERTO CAON,roberto.caon@example.com
SILVIA DELLA MONICA,silvia.della.monica@example.com
MARIO DE CRISTOFARO,mario.de.cristofaro@example.com
FRANCESCO TORTORICI,francesco.tortorici@example.com
EDOARDO PIVA,edoardo.piva@example.com
ATTILIO MARIOTTI,attilio.mariotti@example.com
STEFANO DE LILLO,stefano.de.lillo@example.com
ALFREDO COTANI,alfredo.cotani@example.com
FEDERICO MARCONCINI,federico.marconcini@example.com
NICOLÒ TORTORICI,nicolò.tortorici@example.com
DAVIDE ZOGGIA,davide.zoggia@example.com
NAPOLEONE APRILIS,napoleone.aprilis@example.com
IGNAZIO THAON DI REVEL,ignazio.thaon.di.revel@example.com
DIANA DE FEO,diana.de.feo@example.com
LUIGI MASINI,luigi.masini@example.com
FULVIO MILANI,fulvio.milani@example.com
ANTONIO FRANCESCO CAVERI,antonio.francesco.caveri@example.com
GIUSEPPE TOSCANELLI,giuseppe.toscanelli@example.com
FEDERICO GINATO,federico.ginato@example.com
PASQUALE PLACIDO,pasquale.placido@example.com
LODOVICO PALLAVICINO MOSSI,lodovico.pallavicino.mossi@example.com
FRANCESCO MURGIA,francesco.murgia@example.com
ANTONIO ARMINO,antonio.armino@example.com
CARLO ALBANESE,carlo.albanese@example.com
PIETRO MASTRANZO,pietro.mastranzo@example.com
GIOVANNI MILANA,giovanni.milana@example.com
EDOARDO PIZZORNI,edoardo.pizzorni@example.com
GIOVANNI BATTISTA ALESSANDRI,giovanni.battista.alessandri@example.com
GIAN MAURO BORSANO,gian.mauro.borsano@example.com
GIOVANNI MRACH,giovanni.mrach@example.com
MASSIMO AVANZINI,massimo.avanzini@example.com
NELLO TOSCANELLI,nello.toscanelli@example.com
ALESSANDRA MORETTI,alessandra.moretti@example.com
LUIGI PALMIERI,luigi.palmieri@example.com
GUIDO MIGLIOLI,guido.miglioli@example.com
GIOVANNI FRANCESCO VACCHINO,giovanni.francesco.vacchino@example.com
GIORGIO LA PIRA,giorgio.la.pira@example.com
ALBERTO APPONI,alberto.apponi@example.com
VITANTONIO PIZZOLANTE,vitantonio.pizzolante@example.com
FRANCESCO MICELI PICARDI,francesco.miceli.picardi@example.com
GIUSEPPE SCARABELLI GOMMI FLAMINJ,giuseppe.scarabelli.gommi.flaminj@example.com
FRANCESCO VETERE,francesco.vetere@example.com
ALBERTO BERTUZZI,alberto.bertuzzi@example.com
GUSTAVO PIZZINI,gustavo.pizzini@example.com
VINCENZO MENGHI,vincenzo.menghi@example.com
FILIPPO OLDOINI,filippo.oldoini@example.com
CRISTINA CONCHIGLIA,cristina.conchiglia@example.com
FULCO PRATESI,fulco.pratesi@example.com
VINCENZO ARANGIO RUIZ,vincenzo.arangio.ruiz@example.com
FRANCESCO CORLEONE,francesco.corleone@example.com
MARIO ARGENTON,mario.argenton@example.com
CLARENZO MENOTTI,clarenzo.menotti@example.com
GIOVANNI SPANO,giovanni.spano@example.com
ACHILLE VETRONI,achille.vetroni@example.com
ANTONIO VIACAVA,antonio.viacava@example.com
LUIGI MINERVINI,luigi.minervini@example.com
FEDERICO ODORICI,federico.odorici@example.com
FERMO SOLARI,fermo.solari@example.com
PIERLUIGI CASTAGNETTI,pierluigi.castagnetti@example.com
ATTILIO RUFFINI,attilio.ruffini@example.com
FRANCESCO PERRAVEZ,francesco.perravez@example.com
SAMUELE ALATRI,samuele.alatri@example.com
PIETRO CARLO MARIA PIZZO,pietro.carlo.maria.pizzo@example.com
TULLIO MINELLI,tullio.minelli@example.com
BRUNO SIMONUCCI,bruno.simonucci@example.com
FERNANDO BARONCINI,fernando.baroncini@example.com
LUIGI GUGLIELMO CAMBRAY DIGNY,luigi.guglielmo.cambray.digny@example.com
EDGARDO SAVIO,edgardo.savio@example.com
COSTANZO GAZZERA,costanzo.gazzera@example.com
GIUSEPPE GOLINELLI,giuseppe.golinelli@example.com
FEDERICO MILANO,federico.milano@example.com
PIETRO ARISTEO ROMEO,pietro.aristeo.romeo@example.com
EUGENIO DUGONI,eugenio.dugoni@example.com
EMILIO PODESTA',emilio.podesta'@example.com
GIUSEPPE ALASIA,giuseppe.alasia@example.com
GUGLIELMO BACCI,guglielmo.bacci@example.com
DOMENICO ROMANO,domenico.romano@example.com
ROBERTO D'AZEGLIO (TAPARELLI),roberto.d'azeglio.(taparelli)@example.com
PILADE GAY,pilade.gay@example.com
ROCCO VITO LORETO,rocco.vito.loreto@example.com
GIORGIO TUPINI,giorgio.tupini@example.com
GIAMBATTISTA MILIANI,giambattista.miliani@example.com
FRANCESCO ALARIO,francesco.alario@example.com
VINCENZO BALDAZZI,vincenzo.baldazzi@example.com
GIUSEPPE AUGUSTO PAVONCELLI,giuseppe.augusto.pavoncelli@example.com
FRANCESCO PRIMERANO,francesco.primerano@example.com
AUGUSTO GAZELLI DI ROSSANA,augusto.gazelli.di.rossana@example.com
RENATA MARCHIONNI ZANCHI,renata.marchionni.zanchi@example.com
CELESTINO FERRARIO,celestino.ferrario@example.com
CARLO GORINI,carlo.gorini@example.com
MICHELE PINTO,michele.pinto@example.com
FRANCESCO MARCHINI CAMIA,francesco.marchini.camia@example.com
GUSTAVO GAVOTTI,gustavo.gavotti@example.com
RANUZIO ANGUISSOLA SCOTTI,ranuzio.anguissola.scotti@example.com
CARLO PISATI,carlo.pisati@example.com
PIETRO MARANI,pietro.marani@example.com
IGNAZIO CARUSO,ignazio.caruso@example.com
MATTEO GAY,matteo.gay@example.com
FELICE SCERMINO,felice.scermino@example.com
EMILIO ZANONI,emilio.zanoni@example.com
ACHILLE BATTAGLIA,achille.battaglia@example.com
ANTONIO PISCHEDDA,antonio.pischedda@example.com
MARCO MINGHETTI,marco.minghetti@example.com
ARCANGELO MAGLI,arcangelo.magli@example.com
GIUSEPPE GAUDENZI,giuseppe.gaudenzi@example.com
DEMETRIO ASINARI DI BERNEZZO,demetrio.asinari.di.bernezzo@example.com
GIUSEPPE ZAMPIERI,giuseppe.zampieri@example.com
FRANCESCO PISTOIA,francesco.pistoia@example.com
FILIPPO BUSIN,filippo.busin@example.com
GIUSEPPE PERNICE,giuseppe.pernice@example.com
GIOVANNI MINGHELLI VAINI,giovanni.minghelli.vaini@example.com
LODOVICO GAVAZZI,lodovico.gavazzi@example.com
ISAIA GASPAROTTO,isaia.gasparotto@example.com
GERONIMO CANTONI,geronimo.cantoni@example.com
LORIS GIUSEPPE MACONI,loris.giuseppe.maconi@example.com
GIACOMO ALBERTINI,giacomo.albertini@example.com
ELIO BALLESI,elio.ballesi@example.com
CARLO FOPPOLI,carlo.foppoli@example.com
GIOVANNI CANTONI,giovanni.cantoni@example.com
PAOLA MANZINI,paola.manzini@example.com
ALESSANDRO ANSELMI,alessandro.anselmi@example.com
PIETRO ALBERTONI,pietro.albertoni@example.com
PIETRO CANTONI,pietro.cantoni@example.com
ERMANNO ALBASINI SCROSATI,ermanno.albasini.scrosati@example.com
ROMANO FILIPPI,romano.filippi@example.com
ATTILIO FONTANA,attilio.fontana@example.com
PIETRO RENDE,pietro.rende@example.com
SILVIO MESSINETTI,silvio.messinetti@example.com
CESARE CANTÙ,cesare.cantù@example.com
PAOLO CRISTONI,paolo.cristoni@example.com
FERDINANDO FONSECA LOPEZ,ferdinando.fonseca.lopez@example.com
GIULIO QUERCINI,giulio.quercini@example.com
GUIDO ALBERTELLI,guido.albertelli@example.com
FULVIO ZAMPONI,fulvio.zamponi@example.com
LUIGI MANGIAGALLI,luigi.mangiagalli@example.com
GIOVANNI GEMELLI,giovanni.gemelli@example.com
BENITO MUSSOLINI,benito.mussolini@example.com
AUGUSTO ALBINI,augusto.albini@example.com
FAUSTO GULLO,fausto.gullo@example.com
PASQUALE IMPROTA,pasquale.improta@example.com
GIUSEPPE LUONGO,giuseppe.luongo@example.com
MAURIZIO SACCONI,maurizio.sacconi@example.com
ORAZIO MANGANO,orazio.mangano@example.com
GUALTIERO DRIUSSI,gualtiero.driussi@example.com
GIACINTO ALBINI,giacinto.albini@example.com
GIOVANNI LUBRANO DI RICCO,giovanni.lubrano.di.ricco@example.com
ETTORE MANGANI,ettore.mangani@example.com
ELVO TEMPIA VALENTA,elvo.tempia.valenta@example.com
ALESSANDRO ALBICINI,alessandro.albicini@example.com
GUGLIELMO NUCCI,guglielmo.nucci@example.com
GIUSEPPE PALUMBO,giuseppe.palumbo@example.com
CESARE BARONI,cesare.baroni@example.com
RODOLFO MANGANARO,rodolfo.manganaro@example.com
ADELMO NICCOLAI,adelmo.niccolai@example.com
VALERIO ZANONE,valerio.zanone@example.com
CARLO AMEDEO GIOVANARDI,carlo.amedeo.giovanardi@example.com
CESARE ALBICINI,cesare.albicini@example.com
DANILO DE' COCCI,danilo.de'.cocci@example.com
EDMONDO CACCURI,edmondo.caccuri@example.com
CARLO CHIURAZZI,carlo.chiurazzi@example.com
LUIGI PISSAVINI,luigi.pissavini@example.com
ANGELO NOSEDA,angelo.noseda@example.com
MARIO MONTAGNANA,mario.montagnana@example.com
GIOVANNI PORCELLANA,giovanni.porcellana@example.com
ACHILLE CORONA,achille.corona@example.com
FORTUNATO PADULA,fortunato.padula@example.com
NICOLA ROMEO,nicola.romeo@example.com
PIETRO MANFRIN DI CASTIONE,pietro.manfrin.di.castione@example.com
ERMANNO AMICUCCI,ermanno.amicucci@example.com
GIOVANNI COBELLIS,giovanni.cobellis@example.com
PIETRO CAPASSO,pietro.capasso@example.com
GIUSEPPE CIARRAPICO,giuseppe.ciarrapico@example.com
GIACINTO ARTALE,giacinto.artale@example.com
AUGUSTO RIGHI,augusto.righi@example.com
ERNESTO PISTOIA,ernesto.pistoia@example.com
TITO NOBILI ORO,tito.nobili.oro@example.com
ALDO ANDREOLI,aldo.andreoli@example.com
GIOVANNI BATTISTA PAGANO GUARNASCHELLI,giovanni.battista.pagano.guarnaschelli@example.com
MANFREDO MANFREDI,manfredo.manfredi@example.com
URBANO RATTAZZI,urbano.rattazzi@example.com
FILIPPO OSTINELLI,filippo.ostinelli@example.com
CASIMIRO PISANI,casimiro.pisani@example.com
DANILO TANI,danilo.tani@example.com
GIUSEPPE MANFREDI,giuseppe.manfredi@example.com
EDOARDO DINO ALFIERI,edoardo.dino.alfieri@example.com
GIOVANNI ANTONIO PAGLIACCIÙ DELLA PLANARGIA,giovanni.antonio.pagliacciù.della.planargia@example.com
MATTEO TONENGO,matteo.tonengo@example.com
DIEGO PIGNATELLI,diego.pignatelli@example.com
PIETRO NOVASIO,pietro.novasio@example.com
GIACOMO PISANI,giacomo.pisani@example.com
CARLO MANES,carlo.manes@example.com
ORAZIO AMATO,orazio.amato@example.com
DANILO MONTANARI,danilo.montanari@example.com
SALVATORE PAGLIANO,salvatore.pagliano@example.com
ALDO OVIGLIO,aldo.oviglio@example.com
CANDIDO DE ANGELIS,candido.de.angelis@example.com
GIUSEPPE SERRA,giuseppe.serra@example.com
GIOVANNI ANSELMI,giovanni.anselmi@example.com
FERRUCCIO ANITORI,ferruccio.anitori@example.com
ETTORE PAIS,ettore.pais@example.com
FRANCESCO ALESSANDRO VIANELLO,francesco.alessandro.vianello@example.com
UGO MANEO,ugo.maneo@example.com
LUIGI CANZI,luigi.canzi@example.com
CRISTANO DE ECCHER,cristano.de.eccher@example.com
ALESSANDRA MUSSOLINI,alessandra.mussolini@example.com
FRANCA CHIAROMONTE,franca.chiaromonte@example.com
UMBERTO ANTONELLI,umberto.antonelli@example.com
SALVATORE MARICONDA,salvatore.mariconda@example.com
GIOVANNI PALADINO,giovanni.paladino@example.com
GIUSEPPE ALBANESE,giuseppe.albanese@example.com
STEFANO CANZIO,stefano.canzio@example.com
FRANCESCO MANDOJ ALBANESE,francesco.mandoj.albanese@example.com
BARBARA CONTINI,barbara.contini@example.com
PIO VIAZZI,pio.viazzi@example.com
GIUSEPPE DI PRISCO,giuseppe.di.prisco@example.com
FABIO PALLAVICINI,fabio.pallavicini@example.com
FRANCESCO ANDRIANI,francesco.andriani@example.com
FRANCESCO PISTOJA,francesco.pistoja@example.com
ANTONIO CAO PINNA,antonio.cao.pinna@example.com
GIOVANNI PALEARI,giovanni.paleari@example.com
LODOVICO SAULI D'IGLIANO,lodovico.sauli.d'igliano@example.com
LUIGI D'AMBROSIO LETTIERI,luigi.d'ambrosio.lettieri@example.com
EMILIO MARIA ZENONI,emilio.maria.zenoni@example.com
EMILIO PALLAVICINI DI PRIOLA,emilio.pallavicini.di.priola@example.com
GIANNI WILMER RONZANI,gianni.wilmer.ronzani@example.com
IGNAZIO PALLAVICINI,ignazio.pallavicini@example.com
LUIGI VIARANA,luigi.viarana@example.com
FRANCESCO ANGELINI,francesco.angelini@example.com
VITTORIO CERVONE,vittorio.cervone@example.com
LUIGI CAPALDO,luigi.capaldo@example.com
FRANCESCO RATTI,francesco.ratti@example.com
FILIPPO CRIMI',filippo.crimi'@example.com
FABRIZIO LANZA,fabrizio.lanza@example.com
LEOPOLDO TORLONIA,leopoldo.torlonia@example.com
GIOVANNI CAROFIGLIO,giovanni.carofiglio@example.com
ALFONSO MARTUCCI,alfonso.martucci@example.com
ALESSANDRO ALESSANDRINI,alessandro.alessandrini@example.com
STANISLAO TORLONIA,stanislao.torlonia@example.com
GIOVANNI LAMBERTI,giovanni.lamberti@example.com
FABRIZIO PLUTINO,fabrizio.plutino@example.com
GIULIANA CARLINO,giuliana.carlino@example.com
MAURO PAISSAN,mauro.paissan@example.com
LUIGI ALFANI,luigi.alfani@example.com
VINCENZO D'ARIENZO,vincenzo.d'arienzo@example.com
MARIA GABRIELLA PINTO,maria.gabriella.pinto@example.com
GIUSEPPE LAVIA,giuseppe.lavia@example.com
LUIGI RAVA,luigi.rava@example.com
CARMINE SANTO PATARINO,carmine.santo.patarino@example.com
ORESTE MANTOVANI,oreste.mantovani@example.com
MAURIZIO CASTRO,maurizio.castro@example.com
GUIDO TORLONIA,guido.torlonia@example.com
STEFANO LANZA FILINGERI PATERNO',stefano.lanza.filingeri.paterno'@example.com
GIORGIO RATTONE,giorgio.rattone@example.com
ALDOVINO FORA,aldovino.fora@example.com
RENATO MANZATO,renato.manzato@example.com
NICOLAMARIA SANESE,nicolamaria.sanese@example.com
ESTEBAN JUAN CASELLI,esteban.juan.caselli@example.com
DIEGO CRIVELLARI,diego.crivellari@example.com
DOMENICO MARZI,domenico.marzi@example.com
GIOVAN BATTISTA ALEZZINI,giovan.battista.alezzini@example.com
ALBERTO ZACCHERINI,alberto.zaccherini@example.com
VINCENZO MOSCATELLI,vincenzo.moscatelli@example.com
ENRICO PADIGLIONE,enrico.padiglione@example.com
VINCENZO RAVASCHIERI,vincenzo.ravaschieri@example.com
MARIANO RUMOR,mariano.rumor@example.com
RAFFAELE GARILLI,raffaele.garilli@example.com
FEDERICO LAZZARO,federico.lazzaro@example.com
IGNAZIO LODATO,ignazio.lodato@example.com
MARIO ZAMBONI,mario.zamboni@example.com
MICHELE TORRACA,michele.torraca@example.com
MAURO CERUTI,mauro.ceruti@example.com
UMBERTO BOSSI,umberto.bossi@example.com
RAFFAELE TISCAR,raffaele.tiscar@example.com
GAETANO RAVAGLI,gaetano.ravagli@example.com
OTELLO MONTANARI,otello.montanari@example.com
JACOPO SANVITALE,jacopo.sanvitale@example.com
ERMANNO LAZZARINO,ermanno.lazzarino@example.com
CARLO MARIO ZANOTTI,carlo.mario.zanotti@example.com
ANDREA TORRE,andrea.torre@example.com
STEFANO CECCANTI,stefano.ceccanti@example.com
GIOVANNI RAVENNA,giovanni.ravenna@example.com
SAVERIO MASI,saverio.masi@example.com
COSIMO RIDOLFI,cosimo.ridolfi@example.com
RINALDO TORNIELLI DI BORGO LAVEZZARO,rinaldo.tornielli.di.borgo.lavezzaro@example.com
LUIGI FIRPO,luigi.firpo@example.com
ARMIN PINGGERA,armin.pinggera@example.com
FILIPPO GUERRIERI,filippo.guerrieri@example.com
FEDERICO ZAPELLONI,federico.zapelloni@example.com
FELICE LOVERA,felice.lovera@example.com
MARIO ALLARA,mario.allara@example.com
GABRIELE RAVELLI,gabriele.ravelli@example.com
GIOVANNI BATTISTA COLURCIO,giovanni.battista.colurcio@example.com
GIUSEPPE AMEGLIO,giuseppe.ameglio@example.com
LUIGI TORNIELLI DI BORGO LAVEZZARO,luigi.tornielli.di.borgo.lavezzaro@example.com
CRISTINA BEVILACQUA,cristina.bevilacqua@example.com
DELFINO ORSI,delfino.orsi@example.com
MARIO LONGONI,mario.longoni@example.com
EMANUELE FERRARIS,emanuele.ferraris@example.com
GIOVANNI AMERIO,giovanni.amerio@example.com
FILIPPO TORRIGIANI GUADAGNI,filippo.torrigiani.guadagni@example.com
GIULIO MASINI,giulio.masini@example.com
ENRICA PIETRA LENZI,enrica.pietra.lenzi@example.com
PASQUALE ANTONIBON,pasquale.antonibon@example.com
FRANCO AMOROSO,franco.amoroso@example.com
CESARE ALESSANDRI,cesare.alessandri@example.com
FERDINANDO SCHETTINO,ferdinando.schettino@example.com
LUDOVICO BOSELLINI,ludovico.bosellini@example.com
GIAN LUIGI LOMBARDI CERRI,gian.luigi.lombardi.cerri@example.com
ORNELLA PILONI,ornella.piloni@example.com
GRAZIA GIUNTOLI,grazia.giuntoli@example.com
TULLO MASI,tullo.masi@example.com
ALESSANDRO ANTONGINI,alessandro.antongini@example.com
MARIO ANDREIS,mario.andreis@example.com
FEDERICO TORRE,federico.torre@example.com
LUIGI CARBONIERI,luigi.carbonieri@example.com
UDALRIGO MASONI,udalrigo.masoni@example.com
GIUSEPPE LAZZATI,giuseppe.lazzati@example.com
OTTAVIO ANZANI,ottavio.anzani@example.com
VINCENZO TORREARSA (FARDELLA DI),vincenzo.torrearsa.(fardella.di)@example.com
LUIGI ROSARIO PIERRI,luigi.rosario.pierri@example.com
OTELLO MASINI,otello.masini@example.com
ANTONIO RICCI,antonio.ricci@example.com
LEONILDO TAROZZI,leonildo.tarozzi@example.com
GIUSEPPE ANTONINI,giuseppe.antonini@example.com
TERZO PIERANI,terzo.pierani@example.com
PAOLO MASSA,paolo.massa@example.com
EMANUELE ANTOCI,emanuele.antoci@example.com
BRUNO ANGELETTI,bruno.angeletti@example.com
LAMBERTO ANTOLISEI,lamberto.antolisei@example.com
LUCIANO EMILIO CAVERI,luciano.emilio.caveri@example.com
GIULIA NARDUOLO,giulia.narduolo@example.com
GIOVANNI MASSA,giovanni.massa@example.com
NICOLÒ ANTINORI,nicolò.antinori@example.com
ALFREDO ANNUNZIATA,alfredo.annunziata@example.com
ANTONIO MIELE,antonio.miele@example.com
CARLO ANTONI,carlo.antoni@example.com
ANGELO RAFFAELE MANCA,angelo.raffaele.manca@example.com
PIETRO ANTONELLI,pietro.antonelli@example.com
ANTONINO PLUTINO,antonino.plutino@example.com
SALVATORE ITALIA,salvatore.italia@example.com
CINO MICHELOZZI,cino.michelozzi@example.com
GIOVANNI PELLEGATTA,giovanni.pellegatta@example.com
DIEGO ZARDINI,diego.zardini@example.com
GIOVANNI ANTONA TRAVERSI,giovanni.antona.traversi@example.com
GIUSEPPE GALASSO,giuseppe.galasso@example.com
FLAMINIO PICCOLI,flaminio.piccoli@example.com
GIROLAMO GATTI,girolamo.gatti@example.com
AUGUSTO CAPERLE,augusto.caperle@example.com
ANTONIO ALFIERI D'EVANDRO,antonio.alfieri.d'evandro@example.com
AMELIA CASADEI,amelia.casadei@example.com
VINCENZO MIGLIETTI,vincenzo.miglietti@example.com
RAFFAELE RUSSO,raffaele.russo@example.com
STEFANO GATTI CASAZZA,stefano.gatti.casazza@example.com
PASQUALE CAPILONGO,pasquale.capilongo@example.com
CARLO ALFIERI DI SOSTEGNO,carlo.alfieri.di.sostegno@example.com
FRANCESCO MANGANELLI,francesco.manganelli@example.com
PIRRO APORTI,pirro.aporti@example.com
CRISTINA BARGERO,cristina.bargero@example.com
VITTORIO ALBASINI SCROSATI,vittorio.albasini.scrosati@example.com
LUCIANO LORENZI,luciano.lorenzi@example.com
LUIGI DI PAOLANTONIO,luigi.di.paolantonio@example.com
GIUSEPPE OVIO,giuseppe.ovio@example.com
FEDERICO GATTORNO,federico.gattorno@example.com
GIOVANNI CAPELLARI DELLA COLOMBA,giovanni.capellari.della.colomba@example.com
GRAZIANO APPIANI,graziano.appiani@example.com
GENNARO ALIBERTI,gennaro.aliberti@example.com
GIOVANNI FERRANTE,giovanni.ferrante@example.com
GIACINTO PACCHIOTTI,giacinto.pacchiotti@example.com
BORTOLO GATTONI,bortolo.gattoni@example.com
CESARE CURSI,cesare.cursi@example.com
PIETRO APRILE NICASTRO HERNANDEZ GRAVINA,pietro.aprile.nicastro.hernandez.gravina@example.com
RICCARDO WALTER,riccardo.walter@example.com
GIOVANNI ALICE,giovanni.alice@example.com
ANTONIO PACINOTTI,antonio.pacinotti@example.com
COSTANTINO MANTOVANI,costantino.mantovani@example.com
GENNARO LOPEZ,gennaro.lopez@example.com
BERNARDINO ALIMENA,bernardino.alimena@example.com
GIUSEPPE LATORRE,giuseppe.latorre@example.com
ALFREDO CAPECE MINUTOLO DI BUGNANO,alfredo.capece.minutolo.di.bugnano@example.com
GERARDO CAPECE MINUTOLO DI BUGNANO,gerardo.capece.minutolo.di.bugnano@example.com
DOMENICO CERAVOLO,domenico.ceravolo@example.com
GIUSEPPE MANTICA,giuseppe.mantica@example.com
GIORGIO LONDEI,giorgio.londei@example.com
FRANCESCO ALIMENA,francesco.alimena@example.com
CESARE PILERI,cesare.pileri@example.com
ALFREDO REICHLIN,alfredo.reichlin@example.com
GIUSEPPE NOBERASCO,giuseppe.noberasco@example.com
LUIGI ALIPPI,luigi.alippi@example.com
ANTONINO ZANIBONI,antonino.zaniboni@example.com
PAOLO SANDRO MOLINARO,paolo.sandro.molinaro@example.com
ANNAMARIA PROCACCI,annamaria.procacci@example.com
LUIGI MARIA LOMBARDI SATRIANI,luigi.maria.lombardi.satriani@example.com
CHIARA GRIBAUDO,chiara.gribaudo@example.com
GIUSEPPE IMPERIALE,giuseppe.imperiale@example.com
DOMENICO GRISOLIA,domenico.grisolia@example.com
PAOLO MANTEGAZZA,paolo.mantegazza@example.com
LEDA COLOMBINI,leda.colombini@example.com
ILIA COPPI,ilia.coppi@example.com
GIUSEPPE PLASTINO,giuseppe.plastino@example.com
COSTANTE PORTATADINO,costante.portatadino@example.com
CESARE PINCHETTI,cesare.pinchetti@example.com
TERESA PICCIONE,teresa.piccione@example.com
FABIO MUSSI,fabio.mussi@example.com
TRIFONE ALTIERI,trifone.altieri@example.com
UGO GUARIENTI,ugo.guarienti@example.com
PAOLO ORSI,paolo.orsi@example.com
ACHILLE PLEBANO,achille.plebano@example.com
PAOLO PILI,paolo.pili@example.com
PIERANGELO PALEARI,pierangelo.paleari@example.com
GIUSEPPE MANTELLINI,giuseppe.mantellini@example.com
EDUARDO BRESCIA,eduardo.brescia@example.com
AGOSTINO PLUTINO,agostino.plutino@example.com
LUCA BONESCHI,luca.boneschi@example.com
PIERO PISENTI,piero.pisenti@example.com
PIETRO BULLONI,pietro.bulloni@example.com
GIOVANNI FALCONE,giovanni.falcone@example.com
PIETRO CERULLO,pietro.cerullo@example.com
PAOLO ORLANDO,paolo.orlando@example.com
CESARE MANTELLINI,cesare.mantellini@example.com
GUIDO BUFFARINI GUIDI,guido.buffarini.guidi@example.com
GAETANO PIRRONE,gaetano.pirrone@example.com
PATRIZIA BUGNANO,patrizia.bugnano@example.com
GIAN GIACOMO PONTI,gian.giacomo.ponti@example.com
CAMILLO MANGO,camillo.mango@example.com
LUIGI CAPITANIO,luigi.capitanio@example.com
PIERO TORRIGIANI,piero.torrigiani@example.com
GIUSEPPE OTTOLENGHI,giuseppe.ottolenghi@example.com
VITTORIO BURATTI,vittorio.buratti@example.com
LUIGI ROCCO,luigi.rocco@example.com
LUCIANO CAGNIN,luciano.cagnin@example.com
UGO SPAGNOLI,ugo.spagnoli@example.com
FRANCESCA CHIAVACCI,francesca.chiavacci@example.com
BERNARDO POCHERRA,bernardo.pocherra@example.com
GIULIO PERUGI,giulio.perugi@example.com
DAVIDE FARAONE,davide.faraone@example.com
ANTONIO MANGILLI,antonio.mangilli@example.com
GIOVANNI ALESSIO,giovanni.alessio@example.com
ANELITO BARONTINI,anelito.barontini@example.com
SALVATORE OTTOLENGHI,salvatore.ottolenghi@example.com
MARZIALE CAPO,marziale.capo@example.com
ANTONIO AGHEMO,antonio.aghemo@example.com
ENRICO MARIANI,enrico.mariani@example.com
RAFFAELE CALABRO',raffaele.calabro'@example.com
ETTORE POTTINO DI CAPUANO,ettore.pottino.di.capuano@example.com
GIULIO ALESSIO,giulio.alessio@example.com
ALBERTO CAPILUPI DE GRADO,alberto.capilupi.de.grado@example.com
TONINO AGODI,tonino.agodi@example.com
LUIGI ORSINI,luigi.orsini@example.com
GIUSEPPE MANNETTI,giuseppe.mannetti@example.com
GIACOMO ROSINI,giacomo.rosini@example.com
GAETANO ALBERTI,gaetano.alberti@example.com
ALDO MAINA,aldo.maina@example.com
FRANCESCO BONIFAZI,francesco.bonifazi@example.com
GIACOMO CALIENDO,giacomo.caliendo@example.com
GAETANO POSTIGLIONE,gaetano.postiglione@example.com
GENNARO MANNA,gennaro.manna@example.com
ANGELINA MERLIN,angelina.merlin@example.com
UMBERTO ALBERICI,umberto.alberici@example.com
FRANCESCO COLUCCI,francesco.colucci@example.com
LUCA ORSINI BARONI,luca.orsini.baroni@example.com
AMEDEO ESPOSITO,amedeo.esposito@example.com
GIUSEPPE TOSCANO,giuseppe.toscano@example.com
ANDREA MITOLO,andrea.mitolo@example.com
ERNESTO MODIGLIANI,ernesto.modigliani@example.com
ENRICO GONZALES,enrico.gonzales@example.com
ACHILLE TARSIA INCURIA,achille.tarsia.incuria@example.com
BENITO CERRA,benito.cerra@example.com
FRANCESCO CAMPOSTRINI,francesco.campostrini@example.com
GIUSEPPE PATERNÒ DI SPEDALOTTO,giuseppe.paternò.di.spedalotto@example.com
FRANCESCO BOCCIA,francesco.boccia@example.com
MAURIZIO PALADINI,maurizio.paladini@example.com
MATTIA FANTINATI,mattia.fantinati@example.com
GIOVANNI PILO,giovanni.pilo@example.com
ANTONINO MODICA NICOLACI DI SAN GIOVANNI,antonino.modica.nicolaci.di.san.giovanni@example.com
ALESSANDRO GERINI,alessandro.gerini@example.com
UMBERTO GELMETTI,umberto.gelmetti@example.com
ANGELO RAFFAELE CAMPISI,angelo.raffaele.campisi@example.com
LODOVICO MONTINI,lodovico.montini@example.com
ENRICO ROSELLI,enrico.roselli@example.com
EMANUELE PATERNÒ,emanuele.paternò@example.com
VINCENZO ANTONIO FONTANA,vincenzo.antonio.fontana@example.com
GIOACCHINO DI STEFANO,gioacchino.di.stefano@example.com
ANNA FINOCCHIARO,anna.finocchiaro@example.com
ALAN FERRARI,alan.ferrari@example.com
NICOLA PAVESE,nicola.pavese@example.com
ANTONIO CAMPUS SERRA,antonio.campus.serra@example.com
ALBERTO MARIO CAROCCI,alberto.mario.carocci@example.com
ALESSANDRO MODESTINO,alessandro.modestino@example.com
BORTOLO GALLETTO,bortolo.galletto@example.com
RAFFAELE FARIGU,raffaele.farigu@example.com
CINZIA CAPANO,cinzia.capano@example.com
NICOLA FASANO,nicola.fasano@example.com
NAZZARENO BUSCHI,nazzareno.buschi@example.com
TANCREDI TURCO,tancredi.turco@example.com
RANIERO PAULUCCI DI CALBOLI,raniero.paulucci.di.calboli@example.com
STANISLAO MOCENNI,stanislao.mocenni@example.com
ALFREDO FRASSATI,alfredo.frassati@example.com
GIOVANNI ANTONIO CAMPOSTRINI,giovanni.antonio.campostrini@example.com
ALBERTO LOSACCO,alberto.losacco@example.com
GUIDO RUSSO PEREZ,guido.russo.perez@example.com
GUIDO DE CUPIS,guido.de.cupis@example.com
NAPOLEONE PASSERINI,napoleone.passerini@example.com
PIETRO BOTTONI,pietro.bottoni@example.com
GAETANO FERRAGNI,gaetano.ferragni@example.com
FRANCESCO MISIANO,francesco.misiano@example.com
VITTORIO VILLA,vittorio.villa@example.com
GIUSEPPE MISCHI,giuseppe.mischi@example.com
ALDO FERRABINO,aldo.ferrabino@example.com
FRANCESCO VILLANI,francesco.villani@example.com
ANTONIO COSTA,antonio.costa@example.com
VINCENZO CHIOLA,vincenzo.chiola@example.com
GAETANO INVERNIZZI,gaetano.invernizzi@example.com
LUIGI PASTRO,luigi.pastro@example.com
MARIO BONESCHI,mario.boneschi@example.com
FRANCESCO SAVERIO TOSCANO,francesco.saverio.toscano@example.com
DOMENICO FARIOLI,domenico.farioli@example.com
PIETRO MIRTO SEGGIO,pietro.mirto.seggio@example.com
ANDREA CRAVINO,andrea.cravino@example.com
PAOLO ALLI,paolo.alli@example.com
ROBERTO ZAFFINI,roberto.zaffini@example.com
GAETANO TOSCANO,gaetano.toscano@example.com
PASQUALE CECCHI,pasquale.cecchi@example.com
GIANMARIO PELLIZZARI,gianmario.pellizzari@example.com
BONUCCIO BONUCCI,bonuccio.bonucci@example.com
GIUSEPPE PASTORE,giuseppe.pastore@example.com
BRUNO MELLANO,bruno.mellano@example.com
FLAVIO COLONNA,flavio.colonna@example.com
NETTUNO PINO ROMUALDI,nettuno.pino.romualdi@example.com
ANTONIO ARCIERI,antonio.arcieri@example.com
ANTONIO CARUSO,antonio.caruso@example.com
SEVERO CECCANTI,severo.ceccanti@example.com
SALADINO SALADINI PILASTRI,saladino.saladini.pilastri@example.com
GIUSEPPINA MAISANO GRASSI,giuseppina.maisano.grassi@example.com
FRANCESCO ARCÀ,francesco.arcà@example.com
SALVATORE BRUNO,salvatore.bruno@example.com
ALBERTO CONSONNI,alberto.consonni@example.com
ALESSANDRO COSTA,alessandro.costa@example.com
EDOARDO ARBIB,edoardo.arbib@example.com
PAOLO MAMMOLA,paolo.mammola@example.com
PIETRO BORGARELLI,pietro.borgarelli@example.com
PIETRO LUDOVICO VERGANI,pietro.ludovico.vergani@example.com
GIUSEPPE PUGLIESE,giuseppe.pugliese@example.com
ANTONIO ARALDI,antonio.araldi@example.com
CASIMIRO ARA,casimiro.ara@example.com
EMILIO PULLI,emilio.pulli@example.com
UMBERTO CATTANIA,umberto.cattania@example.com
ELIA MANARA,elia.manara@example.com
VINCENZO RUGGERO MANCA,vincenzo.ruggero.manca@example.com
PIETRO FERRERI,pietro.ferreri@example.com
GIORGIO AMBROGIO MOLFINO,giorgio.ambrogio.molfino@example.com
MARIO BORGHEZIO,mario.borghezio@example.com
RINALDO ARCONATI,rinaldo.arconati@example.com
BRUNO ZAMBON,bruno.zambon@example.com
PIETRO LECCISO,pietro.lecciso@example.com
PIETRO MOFFA,pietro.moffa@example.com
GUGLIELMO CALARCO,guglielmo.calarco@example.com
VITO GNUTTI,vito.gnutti@example.com
GIORGIO ARCOLEO,giorgio.arcoleo@example.com
BIANCA GELLI,bianca.gelli@example.com
ANGELO SATANASSI,angelo.satanassi@example.com
NICOLA MANCINO,nicola.mancino@example.com
GIANFRANCO ROCELLI,gianfranco.rocelli@example.com
LUIGI MANCONI,luigi.manconi@example.com
ANNA RITA FIORONI,anna.rita.fioroni@example.com
GIUSEPPE PIERINO,giuseppe.pierino@example.com
GIUSEPPE LUIGI MALLIANI,giuseppe.luigi.malliani@example.com
SERGIO COLONI,sergio.coloni@example.com
GIUSEPPE ANTONIO ROSSI,giuseppe.antonio.rossi@example.com
FRANCESCO PRINETTI,francesco.prinetti@example.com
FRANCESCO PAOLO LIUZZI,francesco.paolo.liuzzi@example.com
GIUSEPPE ARCONATI VISCONTI,giuseppe.arconati.visconti@example.com
PIERINO AZIMONTI,pierino.azimonti@example.com
SALVATORE FLERES,salvatore.fleres@example.com
VINCENZO MALENCHINI,vincenzo.malenchini@example.com
LUIGI ROSSI,luigi.rossi@example.com
GIORGIO CARDETTI,giorgio.cardetti@example.com
DOMENICO DE LEONARDIS,domenico.de.leonardis@example.com
MICHELE AMADEI,michele.amadei@example.com
SEBASTIANO FOGLIATO,sebastiano.fogliato@example.com
GALEAZZO GIACOMO MARIA MALDINI,galeazzo.giacomo.maria.maldini@example.com
GIUSEPPE SALEMI ODDO,giuseppe.salemi.oddo@example.com
AMILCARE PRETI,amilcare.preti@example.com
LUCIANA VIVIANI,luciana.viviani@example.com
AURELIO SALICETI,aurelio.saliceti@example.com
CATALDO MALCANGI,cataldo.malcangi@example.com
GIORGIO CASALINO,giorgio.casalino@example.com
MATTEO AGOSTA,matteo.agosta@example.com
MARCO ARESE LUCINI,marco.arese.lucini@example.com
POMPEO ALVISI,pompeo.alvisi@example.com
TOMMASO LEONE-MARCHESANO,tommaso.leone-marchesano@example.com
GIAN PIERO SCANU,gian.piero.scanu@example.com
ANTONIO SALANDRA,antonio.salandra@example.com
MARCO PREIONI,marco.preioni@example.com
NERIO MALVEZZI DÈ MEDICI,nerio.malvezzi.dè.medici@example.com
LUIGI AMABILE,luigi.amabile@example.com
SERGIO CHIESA,sergio.chiesa@example.com
ANTONINO ZUCCALÀ,antonino.zuccalà@example.com
GIOVANNI ARGENTI,giovanni.argenti@example.com
FRANCESCO SALARIS,francesco.salaris@example.com
ALESSANDRO MALVANO,alessandro.malvano@example.com
SALADINO SALADINI PILASTRI,saladino.saladini.pilastri@example.com
FLAVIO ORLANDI,flavio.orlandi@example.com
CARLO ALTOBELLI,carlo.altobelli@example.com
ANTONIO LUIGI ARE,antonio.luigi.are@example.com
CARLO MALUTA,carlo.maluta@example.com
PIETRO CAMPILLI,pietro.campilli@example.com
GIACOMO GIUSEPPE ALVISI,giacomo.giuseppe.alvisi@example.com
ACHILLE ARESE LUCINI,achille.arese.lucini@example.com
DOMENICO PRESTI,domenico.presti@example.com
ANGELO LA RUSSA,angelo.la.russa@example.com
ATTILIO BARTOLE,attilio.bartole@example.com
VINCENZO SALAMONE,vincenzo.salamone@example.com
GIUSEPPE MALMUSI,giuseppe.malmusi@example.com
FRANCESCO TOZZOLI,francesco.tozzoli@example.com
MARCO BRUGNEROTTO,marco.brugnerotto@example.com
LUIGI CONTE,luigi.conte@example.com
ANGELO PASSERINI,angelo.passerini@example.com
VIRGINIO ALLIONE,virginio.allione@example.com
DOMENICO PETRELLA,domenico.petrella@example.com
GIULIO CAMUZZONI,giulio.camuzzoni@example.com
BASILIO GIORDANO,basilio.giordano@example.com
RODOLFO MOLINA,rodolfo.molina@example.com
GIAN TOMMASO TOZZI,gian.tommaso.tozzi@example.com
GIOVANNI BATTISTA CANALIS,giovanni.battista.canalis@example.com
MANUELA GRANAIOLA,manuela.granaiola@example.com
SALVATORE MISURACA,salvatore.misuraca@example.com
MILZIADE VENDITTI,milziade.venditti@example.com
ALESSANDRO ALLIS,alessandro.allis@example.com
EDOARDO SPERANZA,edoardo.speranza@example.com
CARLO TRANFO,carlo.tranfo@example.com
CLAUDIO ALLI MACCARANI,claudio.alli.maccarani@example.com
ANTENORE CANCELLIERI,antenore.cancellieri@example.com
RICCARDO RAFFAELI,riccardo.raffaeli@example.com
RITA GHEDINI,rita.ghedini@example.com
MARGHERITA ANGELA MASTROMAURO,margherita.angela.mastromauro@example.com
ANTONIO MORMONE,antonio.mormone@example.com
GIUSEPPE TOZZOLI,giuseppe.tozzoli@example.com
FRANCESCO PAOLO SISTO,francesco.paolo.sisto@example.com
ANTONIO ALLIEVI,antonio.allievi@example.com
ROSARIO CANCELLIERI,rosario.cancellieri@example.com
CARLO TOMMASO RADIO DE RADIIS,carlo.tommaso.radio.de.radiis@example.com
MIRELLA GIAI,mirella.giai@example.com
ANGELO CERA,angelo.cera@example.com
ALBERIGO LENZA,alberigo.lenza@example.com
PIETRO TOSCANO,pietro.toscano@example.com
ETTORE CANDIANI,ettore.candiani@example.com
BARBARA MANNUCCI,barbara.mannucci@example.com
EMILIO RUBBI,emilio.rubbi@example.com
LODOVICO PASINI,lodovico.pasini@example.com
GIOVANNI BATTISTA MALATESTA,giovanni.battista.malatesta@example.com
RAFFAELE ELIA,raffaele.elia@example.com
COSIMO GALLO,cosimo.gallo@example.com
DIEGO ALIPRANDI,diego.aliprandi@example.com
GIOVANNI CANEGALLO,giovanni.canegallo@example.com
SOUAD SBAI,souad.sbai@example.com
GIUSEPPE PASOLINI,giuseppe.pasolini@example.com
GESSICA ROSTELLATO,gessica.rostellato@example.com
ALBERTO MALATESTA,alberto.malatesta@example.com
FRANCESCO MARENGHI,francesco.marenghi@example.com
ENRICO FALCK,enrico.falck@example.com
GUIDO GALPERTI,guido.galperti@example.com
ANTONIO PIGNEDOLI,antonio.pignedoli@example.com
GABRIELE MORI,gabriele.mori@example.com
CELIO RABOTTI,celio.rabotti@example.com
ANTONIO DISTASO,antonio.distaso@example.com
GIUSEPPE CALDERISI,giuseppe.calderisi@example.com
MARIO DOSI,mario.dosi@example.com
UMBERTO PUPPINI,umberto.puppini@example.com
GUIDO PASOLINI DALL'ONDA,guido.pasolini.dall'onda@example.com
LIVIO TOVINI,livio.tovini@example.com
MICHELE ROSSI,michele.rossi@example.com
PASQUALINO BIAFORA,pasqualino.biafora@example.com
ANTONIO FOSSON,antonio.fosson@example.com
FLORIANO DEL SECOLO,floriano.del.secolo@example.com
GIOVANNI PACE,giovanni.pace@example.com
ANTONIO PUTZOLU,antonio.putzolu@example.com
FIORELLO PROVERA,fiorello.provera@example.com
GIAMBATTISTA OSVALDO PROTTI,giambattista.osvaldo.protti@example.com
ELVIRA SAVINO,elvira.savino@example.com
FULCO TOSTI DI VALMINUTA,fulco.tosti.di.valminuta@example.com
GIUSEPPE CANESTRINI,giuseppe.canestrini@example.com
ZANOBI PASQUI CANTONI,zanobi.pasqui.cantoni@example.com
CARLO CERRI,carlo.cerri@example.com
VINCENZO GALIOTO,vincenzo.galioto@example.com
STEFANO ROSSATTINI,stefano.rossattini@example.com
AGOSTINO D'INCA',agostino.d'inca'@example.com
GHERARDO CASINI,gherardo.casini@example.com
GIAN STEFANO MILANI,gian.stefano.milani@example.com
ENRICO BIGINI,enrico.bigini@example.com
EUGENIO TARABINI,eugenio.tarabini@example.com
GIOVANNA MARTELLI,giovanna.martelli@example.com
NICOLA PASELLA,nicola.pasella@example.com
DOMENICO PISACANE,domenico.pisacane@example.com
ARMANDO CERMIGNANI,armando.cermignani@example.com
SERGIO CERAVOLO,sergio.ceravolo@example.com
DOMENICO MINOLFI SCOVAZZO,domenico.minolfi.scovazzo@example.com
CARLO BORRA,carlo.borra@example.com
CESARE PIACENTINO,cesare.piacentino@example.com
CARLO PALERMO,carlo.palermo@example.com
FELICE QUAGLINO,felice.quaglino@example.com
GIOVANNI PASCALE,giovanni.pascale@example.com
MARCO MINISCALCHI ERIZZO,marco.miniscalchi.erizzo@example.com
GIACOMO ATTILIO CERMENATI,giacomo.attilio.cermenati@example.com
ANNIBALE VIGNA,annibale.vigna@example.com
FRANCESCO MIRA,francesco.mira@example.com
GIOVANNI DE GASPERIS,giovanni.de.gasperis@example.com
EZIO BRAGA,ezio.braga@example.com
EMILIO PASCALE,emilio.pascale@example.com
CARLO PISANI,carlo.pisani@example.com
DIEGO SENTER,diego.senter@example.com
LUIGI CASTAGNO,luigi.castagno@example.com
GIUSEPPE DAMAGGIO,giuseppe.damaggio@example.com
CHIARA SCUVERA,chiara.scuvera@example.com
CARLO VIGNA,carlo.vigna@example.com
LORENZO GUERINI,lorenzo.guerini@example.com
NICOLA CARRIERO,nicola.carriero@example.com
DANTE LIVIO BIANCO,dante.livio.bianco@example.com
GIUSEPPE PISANELLI,giuseppe.pisanelli@example.com
EZIO COPPA,ezio.coppa@example.com
GIOSUE' SALOMONE,giosue'.salomone@example.com
TOMMASO MINUCCI,tommaso.minucci@example.com
ENRICO CONCI,enrico.conci@example.com
CARLO CANETTA,carlo.canetta@example.com
GIUSEPPE ESPOSITO,giuseppe.esposito@example.com
CARLO BALESTRA DI MOTTOLA,carlo.balestra.di.mottola@example.com
GIOVANNI PERLINGIERI,giovanni.perlingieri@example.com
AUGUSTO VIENNA,augusto.vienna@example.com
LUCIO D'UBALDO,lucio.d'ubaldo@example.com
ATHOS BARTOLUCCI,athos.bartolucci@example.com
FRANCESCO MORANINO,francesco.moranino@example.com
GIUSEPPE ANTONIO BOTTARO,giuseppe.antonio.bottaro@example.com
NICOLA BENAGLI,nicola.benagli@example.com
RAFFAELE MINICH,raffaele.minich@example.com
ROSA FILIPPINI,rosa.filippini@example.com
GIACINTO PULLINO,giacinto.pullino@example.com
ANTONIO VICINI,antonio.vicini@example.com
ANGELO CERICA,angelo.cerica@example.com
RICCARDO BAUER,riccardo.bauer@example.com
EMILIO BIAGGINI,emilio.biaggini@example.com
GIUSEPPE STEFANO QUINTARELLI,giuseppe.stefano.quintarelli@example.com
GUSTAVO VICINI,gustavo.vicini@example.com
GIULIO COLOMBA,giulio.colomba@example.com
ACHILLE ARGENTINO,achille.argentino@example.com
DOMENICO MACAGGI,domenico.macaggi@example.com
PAOLO SCARPA BONAZZA BUORA,paolo.scarpa.bonazza.buora@example.com
DANTE ARGENTIERI,dante.argentieri@example.com
ITALICO MAFFINI,italico.maffini@example.com
GIUSEPPE MIRRI,giuseppe.mirri@example.com
GIULIO GUIDONI,giulio.guidoni@example.com
GIOVANNI L'ELTORE,giovanni.l'eltore@example.com
ENRICO ARLOTTA,enrico.arlotta@example.com
UGO CRESCENZI,ugo.crescenzi@example.com
DOMENICO COGGIOLA,domenico.coggiola@example.com
ALDA GRASSI,alda.grassi@example.com
LUCIANO MENCARAGLIA,luciano.mencaraglia@example.com
ENRICO ARISI,enrico.arisi@example.com
LINO BALBO,lino.balbo@example.com
SAVERIO SALVATORE PORCARI,saverio.salvatore.porcari@example.com
DOMENICO MARCHISIO,domenico.marchisio@example.com
GESUMINO MASTINO,gesumino.mastino@example.com
PAOLO SURACI,paolo.suraci@example.com
GIUSEPPE FARAVELLI,giuseppe.faravelli@example.com
SALVATORE CARDINALE,salvatore.cardinale@example.com
ELIO ROSATI,elio.rosati@example.com
ANTONIO BIGA,antonio.biga@example.com
GIUSEPPE MIRABELLI,giuseppe.mirabelli@example.com
LUIGI FABBRI,luigi.fabbri@example.com
PAOLO TUFFI,paolo.tuffi@example.com
FRANCESCO BORGIA,francesco.borgia@example.com
GINO BIRONDI,gino.birondi@example.com
ERNESTO MIRABELLI,ernesto.mirabelli@example.com
BRUNO MAGLIOCCHETTI,bruno.magliocchetti@example.com
CARLO VIZZINI,carlo.vizzini@example.com
ERNESTO MAGGI,ernesto.maggi@example.com
MARIO GRAMPA,mario.grampa@example.com
VALERIO MALVEZZI,valerio.malvezzi@example.com
LUDOVICO GRECO,ludovico.greco@example.com
CESARE POZZO,cesare.pozzo@example.com
NICOLA MIRAGLIA,nicola.miraglia@example.com
SALVATORE ANGELO GITTI,salvatore.angelo.gitti@example.com
GIUSEPPE MAGGIORE,giuseppe.maggiore@example.com
LUISA GALLOTTI BALBONI,luisa.gallotti.balboni@example.com
GIUSEPPE GATTI,giuseppe.gatti@example.com
ALDO PREDA,aldo.preda@example.com
ROBERTO MIRABELLI,roberto.mirabelli@example.com
ERMIDO SANTI,ermido.santi@example.com
EDOARDO SANGUINETI,edoardo.sanguineti@example.com
VINCENZO MAIORCA,vincenzo.maiorca@example.com
PASQUALE LAGRAVINESE,pasquale.lagravinese@example.com
FRANCESCO CASATI,francesco.casati@example.com
ROMOLO RASCHI,romolo.raschi@example.com
AUGUSTO MANCINI,augusto.mancini@example.com
MARIO LUIGI COLUMBA,mario.luigi.columba@example.com
GIANFRANCO MORGANDO,gianfranco.morgando@example.com
CLAUDIO MAGRIS,claudio.magris@example.com
FEDERICO MASSA,federico.massa@example.com
VALENTINO ARMIROTTI,valentino.armirotti@example.com
ARISTIDE MERLONI,aristide.merloni@example.com
REMO RANIERI,remo.ranieri@example.com
GAETANO MANCI,gaetano.manci@example.com
LUCIANO MAGNALBO',luciano.magnalbo'@example.com
BERNARDO ARNABOLDI GAZZANIGA,bernardo.arnaboldi.gazzaniga@example.com
LUIGI RAZZA,luigi.razza@example.com
GIACOMO OTTOLENGHI,giacomo.ottolenghi@example.com
ETTORE MANCINI,ettore.mancini@example.com
ILARIO FLORESTA,ilario.floresta@example.com
LORENZO BECATTINI,lorenzo.becattini@example.com
PIERO CALAMANDREI,piero.calamandrei@example.com
ERASMO MAGLIOZZI,erasmo.magliozzi@example.com
ARTURO VIVIANI,arturo.viviani@example.com
LUIGI DI BALME ARNALDI,luigi.di.balme.arnaldi@example.com
FILIPPO PENNAVARIA,filippo.pennavaria@example.com
ARTURO RAVAZZOLO,arturo.ravazzolo@example.com
CAMILLO MANCINI,camillo.mancini@example.com
FRANCESCO AMBROSOLI,francesco.ambrosoli@example.com
GOFFREDO NANNINI,goffredo.nannini@example.com
ALBERTO ARNAUD,alberto.arnaud@example.com
MARIA SANTA PICCOLI,maria.santa.piccoli@example.com
FRANCESCO PONTONE,francesco.pontone@example.com
SALVATORE CICU,salvatore.cicu@example.com
GIOVANNI AMENDOLA,giovanni.amendola@example.com
ALFREDO BALDANI GUERRA,alfredo.baldani.guerra@example.com
FORTUNATO TOMMASO ARNONI,fortunato.tommaso.arnoni@example.com
PASQUALE STANISLAO MANCINI,pasquale.stanislao.mancini@example.com
GIROLAMO MANCINI,girolamo.mancini@example.com
FELICE NAPOLEONE CANEVARO,felice.napoleone.canevaro@example.com
IPPOLITO AMICARELLI,ippolito.amicarelli@example.com
TROFIMO ARNULFI,trofimo.arnulfi@example.com
MARCELLO OLIVI,marcello.olivi@example.com
ARMANDO AMEDEO RAGGIO,armando.amedeo.raggio@example.com
CESARE AROLDI,cesare.aroldi@example.com
MARIA VITTORIA MEZZA,maria.vittoria.mezza@example.com
LUIGI BARZINI,luigi.barzini@example.com
CARLO ETTORE ARRIGONI DEGLI ODDI,carlo.ettore.arrigoni.degli.oddi@example.com
CLAUDIO PONTELLO,claudio.pontello@example.com
FABIO CANNELLA,fabio.cannella@example.com
ANGELO COMPAGNONI,angelo.compagnoni@example.com
FRANCESCO PAOLONI,francesco.paoloni@example.com
TOMMASO VILLA,tommaso.villa@example.com
ULISSE DI GIACOMO,ulisse.di.giacomo@example.com
MARIO AMATO,mario.amato@example.com
SEBASTIANO CANNIZZO,sebastiano.cannizzo@example.com
ANGELO VILLA PERNICE,angelo.villa.pernice@example.com
EGIDIO DIGILIO,egidio.digilio@example.com
LAURA GARAVINI,laura.garavini@example.com
BALDINA DI VITTORIO BERTI,baldina.di.vittorio.berti@example.com
LEOPOLDO CANNAVINA,leopoldo.cannavina@example.com
ROSELLA PALMINI,rosella.palmini@example.com
GIULIO VIGONI,giulio.vigoni@example.com
ALBERTO PANSA,alberto.pansa@example.com
DONATO ANTONIO PACE,donato.antonio.pace@example.com
ROBERTO DI GIOVAN PAOLO,roberto.di.giovan.paolo@example.com
BRUNO RANDAZZO,bruno.randazzo@example.com
MICHELE AMATO POJERO,michele.amato.pojero@example.com
VITTORIO CANNAVINA,vittorio.cannavina@example.com
LEONARDO VIGO FUCCIO,leonardo.vigo.fuccio@example.com
BALDASSARRE PAOLI,baldassarre.paoli@example.com
FABRIZIO DI STEFANO,fabrizio.di.stefano@example.com
STANISLAO AMATO,stanislao.amato@example.com
ATTILIO VIGNOLO,attilio.vignolo@example.com
GEROLAMO CANTELLI,gerolamo.cantelli@example.com
GIUSEPPE ROMITA,giuseppe.romita@example.com
BARTOLOMEO PANIZZA,bartolomeo.panizza@example.com
GASPARE SALADINO,gaspare.saladino@example.com
GIACOMO DE MARTINO,giacomo.de.martino@example.com
GAETANO RE DAVID,gaetano.re.david@example.com
VINCENZO DE LUCA,vincenzo.de.luca@example.com
FELICE IOSSA,felice.iossa@example.com
ANTONIO PANIZZI,antonio.panizzi@example.com
GAETANO CANTONI,gaetano.cantoni@example.com
LUIGI AMADURI,luigi.amaduri@example.com
ANNA PAOLA CONCIA,anna.paola.concia@example.com
GIAN BATTISTA REBORA,gian.battista.rebora@example.com
NICOLA MAMELI,nicola.mameli@example.com
GAETANO ANERIS,gaetano.aneris@example.com
GIUSEPPE REDAELLI,giuseppe.redaelli@example.com
MAURO DEL VECCHIO,mauro.del.vecchio@example.com
VITTORIO MARANGONE,vittorio.marangone@example.com
ALDO SPINELLI,aldo.spinelli@example.com
NATALE PALUMMO,natale.palummo@example.com
MARIO BIASCI,mario.biasci@example.com
FRANCESCO MANCARDI,francesco.mancardi@example.com
VINCENZO AMADURI,vincenzo.amaduri@example.com
APELLE CANTALAMESSA,apelle.cantalamessa@example.com
DARIO GINEFRA,dario.ginefra@example.com
PIERFELICE ZAZZERA,pierfelice.zazzera@example.com
GIUSEPPE RESTIVO,giuseppe.restivo@example.com
MARCO PEZZONI,marco.pezzoni@example.com
LUIGI DE SENA,luigi.de.sena@example.com
EMILIO COLOMBO,emilio.colombo@example.com
MARCELLO PANISSERA DI VEGLIO,marcello.panissera.di.veglio@example.com
ILARIA CAPUA,ilaria.capua@example.com
GASPARE MANARA,gaspare.manara@example.com
GUGLIELMO CANTARANO,guglielmo.cantarano@example.com
ALBERTO MONTICONE,alberto.monticone@example.com
EMERICO AMARI,emerico.amari@example.com
ALBERTO REDENTI,alberto.redenti@example.com
GAETANO BACCARI,gaetano.baccari@example.com
MICHELE TANTALO,michele.tantalo@example.com
GIANPIERO DE TONI,gianpiero.de.toni@example.com
CARLO MARRÈ,carlo.marrè@example.com
STEFANO PODESTA',stefano.podesta'@example.com
FRANCO GIANCOLA,franco.giancola@example.com
ENRICO MARTINI,enrico.martini@example.com
LORENZO MARECHAL,lorenzo.marechal@example.com
CESARE SALUZZO DI MONTEROSSO,cesare.saluzzo.di.monterosso@example.com
SALVATORE DI BENEDETTO,salvatore.di.benedetto@example.com
GIUSEPPE PELLOUX,giuseppe.pelloux@example.com
GIUSEPPE SINESIO,giuseppe.sinesio@example.com
MARIO VALDUCCI,mario.valducci@example.com
CARLO BEOLCHI,carlo.beolchi@example.com
GIUSEPPE SALVADEGO,giuseppe.salvadego@example.com
DOMENICO BENNATI,domenico.bennati@example.com
GIUSEPPE DE FALCO,giuseppe.de.falco@example.com
GIUSEPPE MARAZZINI,giuseppe.marazzini@example.com
ADOLFO ZERBOGLIO,adolfo.zerboglio@example.com
NICOLA BIANCHI,nicola.bianchi@example.com
PIERGIOVANNI MALVESTIO,piergiovanni.malvestio@example.com
DOMENICO COLASANTO,domenico.colasanto@example.com
ADA MARCHESINI PROSPERO,ada.marchesini.prospero@example.com
FERDINANDO SALTERIO,ferdinando.salterio@example.com
ANGELO ABENANTE,angelo.abenante@example.com
GIOVANNI BEZZI,giovanni.bezzi@example.com
GIUSEPPE RAUTI,giuseppe.rauti@example.com
ANTONIO SALVAGNOLI MARCHETTI,antonio.salvagnoli.marchetti@example.com
RUGGERO ROMANO,ruggero.romano@example.com
MARIO MASSIMO,mario.massimo@example.com
RENATO PUNZO,renato.punzo@example.com
LUIGI BELDÌ,luigi.beldì@example.com
LINO DE BENETTI,lino.de.benetti@example.com
FRANCO MARINI,franco.marini@example.com
PARIS MARIA SALVAGO,paris.maria.salvago@example.com
ALESSANDRO MARTELLI,alessandro.martelli@example.com
LIVIO BONCOMPAGNI,livio.boncompagni@example.com
GIANFRANCO ORSINI,gianfranco.orsini@example.com
LEONE CIULLINI,leone.ciullini@example.com
GUIDO SALVADORI,guido.salvadori@example.com
RENATO DONAZZON,renato.donazzon@example.com
GIOVANNI MARINELLI,giovanni.marinelli@example.com
LUIGI ARRIGOSSI,luigi.arrigossi@example.com
GIORGIO VACCARO,giorgio.vaccaro@example.com
GIULIO REZASCO,giulio.rezasco@example.com
SAVERIO D'AQUINO,saverio.d'aquino@example.com
MONICA GREGORI,monica.gregori@example.com
ROSARIO VILLARI,rosario.villari@example.com
GINO SALVAGNINI,gino.salvagnini@example.com
VIRGINIO MARELLI,virginio.marelli@example.com
STEFANO LENOCI,stefano.lenoci@example.com
ANTONIO ARRIVABENE,antonio.arrivabene@example.com
GAETANO SALVEMINI,gaetano.salvemini@example.com
ASCANIO BRANCA,ascanio.branca@example.com
CLEMENTE MANCO,clemente.manco@example.com
FABIO CARCANI DI MONTALTINO,fabio.carcani.di.montaltino@example.com
ALBERICO MOTOLESE,alberico.motolese@example.com
PIETRO TESTA,pietro.testa@example.com
AMEDEO BELLONI,amedeo.belloni@example.com
DANTE MALINTOPPI,dante.malintoppi@example.com
ARTURO IANNACCONE,arturo.iannaccone@example.com
ALESSANDRO MILLELIRE ALBINI,alessandro.millelire.albini@example.com
NICCOLAO BRANCOLI BUSDRAGHI,niccolao.brancoli.busdraghi@example.com
GUIDO CECCHERINI,guido.ceccherini@example.com
GEROLAMO MANSI,gerolamo.mansi@example.com
PIETRO SODDU,pietro.soddu@example.com
LORENZO CAMERATA SCOVAZZO,lorenzo.camerata.scovazzo@example.com
LUIGI MOMBELLI,luigi.mombelli@example.com
ANGELO SALVATORE LOMBARDO,angelo.salvatore.lombardo@example.com
ANTONIO MILETO,antonio.mileto@example.com
GABRIELE MAZZEI,gabriele.mazzei@example.com
ALESSANDRO BARTOLOMEI,alessandro.bartolomei@example.com
POMPEO SALVATORE,pompeo.salvatore@example.com
GUSTAVO BUCCHIA,gustavo.bucchia@example.com
GIOVENALE VEGEZZIJ RUSCALLA,giovenale.vegezzij.ruscalla@example.com
CORRADO GRAZIADEI,corrado.graziadei@example.com
GIUSEPPE MAZZINI,giuseppe.mazzini@example.com
FRANCESCO MAURO,francesco.mauro@example.com
LUIGI SALVATORI,luigi.salvatori@example.com
WILMO FERRARI,wilmo.ferrari@example.com
GIUSEPPE ALBERTO BASSI,giuseppe.alberto.bassi@example.com
TOMMASO BUCCHIA,tommaso.bucchia@example.com
ANGELO CAMERINI,angelo.camerini@example.com
PRIAMO BIGIANDI,priamo.bigiandi@example.com
NEVIO FELICETTI,nevio.felicetti@example.com
GIOVANNI BATTISTA CARLASSARA,giovanni.battista.carlassara@example.com
GIUSEPPE SCOTTO DI LUZIO,giuseppe.scotto.di.luzio@example.com
ENZO MANFREDONIA,enzo.manfredonia@example.com
ARTURO BENDINI,arturo.bendini@example.com
ENRICO CARBONI BOJ,enrico.carboni.boj@example.com
MATTEO AMICARELLI,matteo.amicarelli@example.com
GIOVANNI BATTISTA MELIS,giovanni.battista.melis@example.com
GIACOMO CASONI,giacomo.casoni@example.com
